rgn_id;years;abrasion_km
5;2011;30.56
6;2011;6.3
7;2011;12.6
8;2011;6.5
1;2011;10
2;2011;16.5
3;2011;12.5
4;2011;7.51
5;2012;30.56
6;2012;6.3
7;2012;12.6
8;2012;6.5
1;2012;10
2;2012;16.5
3;2012;12.5
4;2012;7.51
5;2013;30.56
6;2013;6.3
7;2013;12.6
8;2013;6.5
1;2013;10
2;2013;16.5
3;2013;12.5
4;2013;7.51
5;2014;30.56
6;2014;6.3
7;2014;12.6
8;2014;6.5
1;2014;10
2;2014;16.5
3;2014;12.5
4;2014;7.51
5;2015;29.06
6;2015;6.3
7;2015;12.6
8;2015;6
1;2015;10
2;2015;12.1
3;2015;7.5
4;2015;7.51
