rgn_id;years;area_ha
4;2009;77
4;2010;77
4;2011;127
4;2012;127
4;2013;127
4;2014;127
4;2015;127
2;2009;685
2;2010;685
2;2011;546
2;2012;546
2;2013;546
2;2014;500.8
2;2015;546
1;2009;475
1;2010;475
1;2011;452
1;2012;452
1;2013;452
1;2014;452
1;2015;452
7;2009;107
7;2010;107
7;2011;159.5
7;2012;159.5
7;2013;159.5
7;2014;157.5
7;2015;159.5
6;2009;59
6;2010;59
6;2011;27
6;2012;27
6;2013;27
6;2014;27
6;2015;27
5;2009;17
5;2010;17
5;2011;12
5;2012;12
5;2013;12
5;2014;51.7
5;2015;12
